k_grid,max_abs_component_difference_e,max_atom_frobenius_difference_e,mean_atom_frobenius_difference_e,mean_abs_on_diagonal_difference_e,std_abs_on_diagonal_difference_e,mean_abs_off_diagonal_difference_e,std_abs_off_diagonal_difference_e
16,0.008913540686999788,0.015516990094180104,0.006526792575640915,0.0035647940469332915,0.0030665550399364364,0.0002827566901543339,0.0003222265970384171
20,0.005425953854000021,0.009445337051425917,0.003975137465117463,0.002170004125999962,0.0018706595629989678,0.0001722371284686697,0.0001956512303028158
24,0.0035968465669995453,0.006261224377933772,0.0026358289325818115,0.0014384886665998427,0.0012417412680188603,0.00011392757163967063,0.00012954054948998662
28,0.002519968378999593,0.004386586703100561,0.001845960916250736,0.0010078124560665813,0.0008698846961174971,7.978070533666901e-05,9.064666071531186e-05
32,0.0018302884589997959,0.0031858585802258276,0.0013418648087049586,0.000731989069666561,0.0006323998372605406,5.83897148543354e-05,6.566951267838186e-05
36,0.001361532729999837,0.00236996592176496,0.0009976850727071872,0.0005445189755998984,0.00047073410909511374,4.286185211633426e-05,4.877662850649608e-05
40,0.0010333196549998647,0.001798423413750671,0.0007574530372387908,0.0004132573693999516,0.00035723709346926347,3.2483130710335426e-05,3.66188974847443e-05
48,0.0006077176170000698,0.0010576156884779695,0.0004451562021349596,0.00024304589446660547,0.00021005537992212895,1.8935395392332666e-05,2.1377518128257254e-05
56,0.0003539444989995033,0.0006161735855062939,0.0002592020702447476,0.00014155303259994295,0.00012237383734982202,1.1104709630335545e-05,1.2792184756652855e-05
64,0.00018963220799950165,0.00032968865436644316,0.0001387305929925916,7.584145166662873e-05,6.555811495243757e-05,5.94820586200037e-06,6.159641746231505e-06
80,0.0,0.0,0.0,0.0,0.0,0.0,0.0
