k_grid,polarization_111_C_per_m2,delta_polarization_C_per_m2,delta_polarization_mC_per_m2
16,0.3919986111452451,0.00040449102124395786,0.40449102124395786
20,0.3921571059184933,0.00024599624799576114,0.24599624799576114
24,0.39224016930172156,0.00016293286476748436,0.16293286476748436
28,0.39228906913747114,0.00011403302901791257,0.11403302901791257
32,0.3923202662592668,8.28359072222451e-05,0.0828359072222451
36,0.3923413816906619,6.17204758271428e-05,0.061720475827142796
40,0.39235633390793334,4.676825855570721e-05,0.04676825855570721
48,0.3923755989317157,2.7503234773351704e-05,0.027503234773351704
56,0.39238708473797096,1.6017428518089183e-05,0.016017428518089183
64,0.39239447828551816,8.623880970892728e-06,0.008623880970892728
80,0.39240310216648905,0.0,0.0
