polarization_kgrid_n,polarization_grid_x,polarization_grid_y,polarization_grid_z,Px_C_per_m2,Py_C_per_m2,Pz_C_per_m2,cell_volume_A3,dipole_x_eA,dipole_y_eA,dipole_z_eA,total_cpu_time_s,total_wall_time_s
16,16,16,16,2.265932130E-01,2.263202860E-01,2.260480120E-01,63.412055774762,0.8968263022,0.8957460928,0.8946684679,37.943,37.971
20,20,20,20,2.266848250E-01,2.264117930E-01,2.261394140E-01,63.412055774762,0.8971888905,0.8961082655,0.8950302251,40.903,40.906
24,24,24,24,2.267328370E-01,2.264597490E-01,2.261873160E-01,63.412055774762,0.8973789157,0.8962980691,0.8952198149,44.279,44.282
28,28,28,28,2.267611020E-01,2.264879810E-01,2.262155160E-01,63.412055774762,0.8974907849,0.8964098077,0.8953314268,47.496,47.500
32,32,32,32,2.267791340E-01,2.265059930E-01,2.262335070E-01,63.412055774762,0.8975621532,0.8964810968,0.8954026329,50.721,50.724
36,36,36,36,2.267913390E-01,2.265181840E-01,2.262456840E-01,63.412055774762,0.8976104590,0.8965293472,0.8954508278,53.779,53.785
40,40,40,40,2.267999820E-01,2.265268160E-01,2.262543070E-01,63.412055774762,0.8976446668,0.8965635115,0.8954849565,56.772,56.779
48,48,48,48,2.268111170E-01,2.265379390E-01,2.262654170E-01,63.412055774762,0.8976887377,0.8966075349,0.8955289285,62.551,62.556
56,56,56,56,2.268177560E-01,2.265445700E-01,2.262720410E-01,63.412055774762,0.8977150140,0.8966337795,0.8955551454,68.388,68.391
64,64,64,64,2.268220300E-01,2.265488390E-01,2.262763040E-01,63.412055774762,0.8977319299,0.8966506757,0.8955720178,74.282,74.285
80,80,80,80,2.268270140E-01,2.265538180E-01,2.262812780E-01,63.412055774762,0.8977516560,0.8966703819,0.8955917042,91.960,91.966
